INSERT INTO STOCK (DATE, NAME, "VALUE") VALUES ('2023-11-27', 'Coffee Bean', '10 Bags');
INSERT INTO STOCK (DATE, NAME, "VALUE") VALUES ('2023-11-27', 'Fresh milk', '2 packs');
INSERT INTO STOCK (DATE, NAME, "VALUE") VALUES ('2023-11-27', 'Condensed milk', '2 packs');
INSERT INTO STOCK (DATE, NAME, "VALUE") VALUES ('2023-11-27', 'Caramel', '1 pack');
INSERT INTO STOCK (DATE, NAME, "VALUE") VALUES ('2023-11-27', 'Red Tea', '10 Bags');
INSERT INTO STOCK (DATE, NAME, "VALUE") VALUES ('2023-11-27', 'Green Tea', '10 Bags');
INSERT INTO STOCK (DATE, NAME, "VALUE") VALUES ('2023-11-27', 'Tea', '10 Bags');
INSERT INTO STOCK (DATE, NAME, "VALUE") VALUES ('2023-11-27', 'Boba', '5 Bags');
INSERT INTO STOCK (DATE, NAME, "VALUE") VALUES ('2023-11-27', 'Honey', '1 Box');
INSERT INTO STOCK (DATE, NAME, "VALUE") VALUES ('2023-11-27', 'Cocoa Powder', '10 Bags');
INSERT INTO STOCK (DATE, NAME, "VALUE") VALUES ('2023-11-27', 'Syrup', '1 Box');
INSERT INTO STOCK (DATE, NAME, "VALUE") VALUES ('2023-11-27', 'Croissant', '10 pieces');
INSERT INTO STOCK (DATE, NAME, "VALUE") VALUES ('2023-11-27', 'Crepe Cake', '10 pieces');
INSERT INTO STOCK (DATE, NAME, "VALUE") VALUES ('2023-11-27', 'Brownie', '10 pieces');

INSERT INTO MENU (NAME, PRICE) VALUES ('Latte',60 );
INSERT INTO MENU (NAME, PRICE) VALUES ('Mocha',60);
INSERT INTO MENU (NAME, PRICE) VALUES ('Cappucino',60 );
INSERT INTO MENU (NAME, PRICE) VALUES ('Caramel Macciato',60 );
INSERT INTO MENU (NAME, PRICE) VALUES ('Americano',60 );
INSERT INTO MENU (NAME, PRICE) VALUES ('Espresso',60 );
INSERT INTO MENU (NAME, PRICE) VALUES ('Boba Tea',60 );
INSERT INTO MENU (NAME, PRICE) VALUES ('Matcha Green Tea',60 );
INSERT INTO MENU (NAME, PRICE) VALUES ('Thai Milk Tea',60 );
INSERT INTO MENU (NAME, PRICE) VALUES ('Fresh Milk',60 );
INSERT INTO MENU (NAME, PRICE) VALUES ('Honey Lemon',60 );
INSERT INTO MENU (NAME, PRICE) VALUES ('Cocoa',60 );
INSERT INTO MENU (NAME, PRICE) VALUES ('Croissant',80 );
INSERT INTO MENU (NAME, PRICE) VALUES ('Crepe Cake',65 );
INSERT INTO MENU (NAME, PRICE) VALUES ('Brownie',40 );


INSERT INTO DAILYSALE (DATE, NAME, "VALUE") VALUES ('2023-11-27', 'Latte', '0');
INSERT INTO DAILYSALE (DATE, NAME, "VALUE") VALUES ('2023-11-27', 'Mocha','0');
INSERT INTO DAILYSALE (DATE, NAME, "VALUE") VALUES ('2023-11-27', 'Cappucino','0');
INSERT INTO DAILYSALE (DATE, NAME, "VALUE") VALUES ('2023-11-27', 'Caramel Macciato', '0');
INSERT INTO DAILYSALE (DATE, NAME, "VALUE") VALUES ('2023-11-27', 'Americano', '0');
INSERT INTO DAILYSALE (DATE, NAME, "VALUE") VALUES ('2023-11-27', 'Espresso', '0');
INSERT INTO DAILYSALE (DATE, NAME, "VALUE") VALUES ('2023-11-27', 'Boba Tea', '0');
INSERT INTO DAILYSALE (DATE, NAME, "VALUE") VALUES ('2023-11-27', 'Matcha Green Tea', '0');
INSERT INTO DAILYSALE (DATE, NAME, "VALUE") VALUES ('2023-11-27', 'Thai Milk Tea', '0');
INSERT INTO DAILYSALE (DATE, NAME, "VALUE") VALUES ('2023-11-27', 'Fresh Milk', '0');
INSERT INTO DAILYSALE (DATE, NAME, "VALUE") VALUES ('2023-11-27', 'Honey Lemon', '0');
INSERT INTO DAILYSALE (DATE, NAME, "VALUE") VALUES ('2023-11-27', 'Cocoa', '0');
INSERT INTO DAILYSALE (DATE, NAME, "VALUE") VALUES ('2023-11-27', 'Croissant', '0');
INSERT INTO DAILYSALE (DATE, NAME, "VALUE") VALUES ('2023-11-27', 'Crepe Cake', '0');
INSERT INTO DAILYSALE (DATE, NAME, "VALUE") VALUES ('2023-11-27', 'Brownie','0');

